{
    "q_learning_vec": [
        616.8839999999996,
        497.69800000000055,
        434.1,
        316.25900000000127,
        335.5199999999993
    ],
    "opt_mixed_vec": [
        625.0169999999998,
        514.5539999999997,
        438.99,
        388.65399999999994,
        343.82199999999966
    ],
    "opt_fixed_vec": [
        626.675,
        485.9889999999978,
        350.24,
        209.03200000000507,
        183.47
    ],
    "degree_cutoff_vec": [
        577.4280000000003,
        503.24800000000016,
        437.015,
        384.23350000000033,
        341.77999999999867
    ],
    "param_vec": [
        0.1,
        0.3,
        0.5,
        0.7,
        0.9
    ],
    "baseline_profit_vec": [
        176.94,
        175.87,
        186.97,
        173.66,
        180.35
    ],
    "influence_cutoff_vec": [
        612.3930000000003,
        528.918,
        459.355,
        405.0950000000006,
        360.4609999999997
    ],
    "time_cutoff_vec": [
        257.49749999999995,
        241.1045000000001,
        242.445,
        231.52499999999986,
        227.73950000000002
    ],
    "boosted_cutoff_vec": [
        495.20199999999966,
        416.31600000000043,
        339.81,
        259.70650000000023,
        207.57299999999918
    ]
}