{
    "price_vec": [
        0.8,
        1,
        1.2
    ],
    "reward_vec": [
        0.0,
        0.07142857142857142,
        0.14285714285714285,
        0.21428571428571427,
        0.2857142857142857,
        0.3571428571428571,
        0.42857142857142855,
        0.5,
        0.5714285714285714,
        0.6428571428571428,
        0.7142857142857142,
        0.7857142857142857,
        0.8571428571428571,
        0.9285714285714285,
        1.0
    ],
    "0.8": [
        21553.466419469143,
        23335.66274934176,
        24931.403405782814,
        25781.26867460634,
        27166.907046315253,
        27868.05144144459,
        27489.57896113187,
        27033.407402278157,
        25715.533489544017,
        24210.87115327778,
        21842.36455167259,
        18986.827060037183,
        15768.715016560953,
        12215.913287604875,
        7871.390654949479
    ],
    "1": [
        15090.392333655702,
        18786.202899796666,
        22750.59486491108,
        25127.839320207542,
        26896.69338468901,
        27774.620580728053,
        28991.78995947657,
        29854.216977625772,
        29899.134998098823,
        29404.60155296676,
        28487.593768633167,
        26547.623235496787,
        24352.13464923414,
        21364.970491753535,
        18069.012600132002
    ],
    "1.2": [
        7994.16827669117,
        11557.629122224007,
        14790.402747463457,
        19045.034025360754,
        21696.85870082767,
        26156.359666515076,
        27575.752891912813,
        28791.288867777017,
        29191.379354898443,
        30557.46252374639,
        30929.974821679854,
        30443.741242940363,
        29422.78268311534,
        27198.4403931158,
        25392.21870181957
    ]
}