{
    "0.1": {
        "demand_vec": [
            642890.2707733773,
            647795.7054767516,
            654066.4598832583,
            661288.9541783264,
            668296.036196925,
            674661.7906156417,
            681470.8660981451,
            688315.636691716,
            693354.4423667471,
            698389.3817256896,
            704408.4684826923,
            711560.2194430166,
            718480.6740291019,
            726928.8884760158,
            732823.5712308415,
            759342.5215650534,
            827342.3182244763,
            876329.5505704727,
            919395.2139098283,
            951179.5800740032,
            973381.2243303481,
            993772.055785103,
            1018144.2791802224,
            1031990.7931377523,
            1045749.630805796,
            1061794.6178137914,
            1073196.8719015375,
            1080099.2830184102,
            1087592.558896722,
            1096407.448136648,
            1107309.7604118912,
            1116721.304490455,
            1126308.438122838,
            1131326.6204131956,
            1135752.8445041243,
            1143839.1221966068
        ],
        "rec_prob_vec": [
            0.001,
            0.003785714285714286,
            0.006571428571428572,
            0.009357142857142859,
            0.012142857142857143,
            0.01492857142857143,
            0.017714285714285717,
            0.0205,
            0.023285714285714288,
            0.026071428571428575,
            0.02885714285714286,
            0.031642857142857146,
            0.03442857142857143,
            0.03721428571428572,
            0.04,
            0.05,
            0.0925,
            0.135,
            0.1775,
            0.21999999999999997,
            0.26249999999999996,
            0.305,
            0.3475,
            0.38999999999999996,
            0.43249999999999994,
            0.4749999999999999,
            0.5175,
            0.56,
            0.6025,
            0.645,
            0.6875,
            0.73,
            0.7725,
            0.815,
            0.8574999999999999,
            0.9
        ]
    },
    "0.0001": {
        "demand_vec": [
            566169.9872285225,
            566178.347214373,
            566215.4683106082,
            566318.5408793989,
            566534.0934813827,
            566926.419733701,
            567718.5802540295,
            568891.9463640406,
            570336.7445471659,
            572217.4551611722,
            574664.9571577677,
            578175.4126286564,
            581871.9687698353,
            586828.6513248222,
            591435.9065652646,
            615862.7706504905,
            730447.6587511539,
            809986.7932904671,
            867173.2589351642,
            905442.9314530396,
            930923.6355342567,
            953275.3711814468,
            981088.1331487349,
            996383.449083982,
            1011481.4806503938,
            1029255.2586779518,
            1042462.8416163457,
            1049528.1497186243,
            1058063.7458751975,
            1068185.787058883,
            1080425.913399995,
            1090795.1546260358,
            1101437.0769236912,
            1107185.5047787547,
            1112170.8542230083,
            1121660.56674119
        ],
        "rec_prob_vec": [
            0.001,
            0.003785714285714286,
            0.006571428571428572,
            0.009357142857142859,
            0.012142857142857143,
            0.01492857142857143,
            0.017714285714285717,
            0.0205,
            0.023285714285714288,
            0.026071428571428575,
            0.02885714285714286,
            0.031642857142857146,
            0.03442857142857143,
            0.03721428571428572,
            0.04,
            0.05,
            0.0925,
            0.135,
            0.1775,
            0.21999999999999997,
            0.26249999999999996,
            0.305,
            0.3475,
            0.38999999999999996,
            0.43249999999999994,
            0.4749999999999999,
            0.5175,
            0.56,
            0.6025,
            0.645,
            0.6875,
            0.73,
            0.7725,
            0.815,
            0.8574999999999999,
            0.9
        ]
    },
    "0.01": {
        "demand_vec": [
            573786.5064595687,
            574592.7344026976,
            577302.2495379761,
            582932.5634810275,
            590038.315861518,
            597821.5620552037,
            606667.1083804693,
            613671.5070108562,
            619264.0106041143,
            624650.2662209703,
            630834.8669285051,
            639232.6451949889,
            646643.9646050709,
            656169.1232307185,
            661345.2805026796,
            691496.8731515604,
            769676.4555877049,
            824350.22937638,
            873813.3190432744,
            910180.1319916183,
            935242.7791885727,
            957507.1035819541,
            984802.9452896669,
            999985.5385090804,
            1014436.6792856222,
            1032624.8369574066,
            1045422.8056182305,
            1052421.0360699564,
            1061023.72108905,
            1070931.187004208,
            1083075.1109021278,
            1092910.0055697341,
            1103866.725367709,
            1109669.5140388003,
            1114531.2046175983,
            1124078.903913213
        ],
        "rec_prob_vec": [
            0.001,
            0.003785714285714286,
            0.006571428571428572,
            0.009357142857142859,
            0.012142857142857143,
            0.01492857142857143,
            0.017714285714285717,
            0.0205,
            0.023285714285714288,
            0.026071428571428575,
            0.02885714285714286,
            0.031642857142857146,
            0.03442857142857143,
            0.03721428571428572,
            0.04,
            0.05,
            0.0925,
            0.135,
            0.1775,
            0.21999999999999997,
            0.26249999999999996,
            0.305,
            0.3475,
            0.38999999999999996,
            0.43249999999999994,
            0.4749999999999999,
            0.5175,
            0.56,
            0.6025,
            0.645,
            0.6875,
            0.73,
            0.7725,
            0.815,
            0.8574999999999999,
            0.9
        ]
    },
    "0.001": {
        "demand_vec": [
            566862.9207278491,
            566947.0444197827,
            567307.3087073296,
            568276.8112917293,
            570167.6791868503,
            573496.2710338663,
            579423.244060509,
            586936.1755895292,
            594821.059410371,
            602987.0301302611,
            611978.1702576233,
            623263.734294517,
            632895.9242166479,
            644082.7870981105,
            651012.8487380962,
            684267.8323447352,
            763768.99587656,
            819172.5336639164,
            869385.0564935186,
            905721.918114526,
            931418.8447146046,
            953857.344076206,
            981562.0014382619,
            996738.8210557015,
            1011704.5823522385,
            1029750.9057248717,
            1043094.7961060973,
            1049826.3452576636,
            1058271.7049793564,
            1068441.0973861844,
            1080496.687037431,
            1090528.4859568009,
            1101360.5130608259,
            1107297.9787147895,
            1112261.0930599766,
            1122167.3096190533
        ],