{
    "0": [
        0.0,
        3306.7847228753853,
        6320.869155963595,
        9228.37649891518,
        11693.438337365083,
        13953.618314197707,
        15885.53128961946,
        17668.908250916982,
        19082.163334835477,
        20168.200519248177,
        20801.057978256733,
        21266.168570570746,
        21843.063783772803,
        22382.602120963405,
        22089.18889950902,
        22035.627451791832,
        21564.8298701468,
        19862.55823956728,
        18364.194888505743,
        17407.402756803673,
        15184.224210188728,
        13285.931115273825,
        11747.356504505957,
        10205.833488670096,
        7982.501819931898,
        5409.119773895667,
        3288.7665687415742,
        1965.8533969363407,
        1749.4370815999998,
        1762.9036995428573,
        1772.9900914285718,
        1779.696257257143,
        1783.0221970285716,
        1782.9679107428572,
        1779.5333984000001,
        1772.71866,
        1762.5236955428575,
        1748.9485050285714,
        1731.993088457143,
        1711.6574458285716,
        1687.9415771428573
    ],
    "price_vec": [
        0.0,
        0.05,
        0.1,
        0.15000000000000002,
        0.2,
        0.25,
        0.30000000000000004,
        0.35000000000000003,
        0.4,
        0.45,
        0.5,
        0.55,
        0.6000000000000001,
        0.65,
        0.7000000000000001,
        0.75,
        0.8,
        0.8500000000000001,
        0.9,
        0.9500000000000001,
        1.0,
        1.05,
        1.1,
        1.1500000000000001,
        1.2000000000000002,
        1.25,
        1.3,
        1.35,
        1.4000000000000001,
        1.4500000000000002,
        1.5,
        1.55,
        1.6,
        1.6500000000000001,
        1.7000000000000002,
        1.75,
        1.8,
        1.85,
        1.9000000000000001,
        1.9500000000000002,
        2.0
    ],
    "reward_vec": [
        0
    ]
}