{
    "0": {
        "profit_vec": [
            15107.018900254308,
            18818.88059232267,
            22787.49077723999,
            25145.120715485144,
            26942.299053791223,
            27802.057825338867,
            28993.59017406656,
            29803.281324353382,
            29928.375249690333,
            29387.944927952005,
            28492.007908178166,
            26540.90527704332,
            24381.97788666902,
            21330.294344316237,
            18058.68355596549
        ],
        "reward_vec": [
            0.0,
            0.07142857142857142,
            0.14285714285714285,
            0.21428571428571427,
            0.2857142857142857,
            0.3571428571428571,
            0.42857142857142855,
            0.5,
            0.5714285714285714,
            0.6428571428571428,
            0.7142857142857142,
            0.7857142857142857,
            0.8571428571428571,
            0.9285714285714285,
            1.0
        ]
    },
    "0.3": {
        "profit_vec": [
            10544.225729082382,
            13066.860730382068,
            15750.128172510016,
            17122.972630087334,
            18087.84307298792,
            18307.040872726222,
            18705.834801679346,
            18654.02545378948,
            17985.711881192638,
            16750.823347555455,
            15091.177963421917,
            12733.666151913883,
            9966.3897142358,
            6594.740023499591,
            2840.552891537969
        ],
        "reward_vec": [
            0.0,
            0.07142857142857142,
            0.14285714285714285,
            0.21428571428571427,
            0.2857142857142857,
            0.3571428571428571,
            0.42857142857142855,
            0.5,
            0.5714285714285714,
            0.6428571428571428,
            0.7142857142857142,
            0.7857142857142857,
            0.8571428571428571,
            0.9285714285714285,
            1.0
        ]
    },
    "0.6": {
        "profit_vec": [
            6050.2898533359985,
            7340.061827255029,
            8658.195698460453,
            9145.374461733327,
            9255.806433251566,
            8886.667887003583,
            8372.703488480416,
            7448.935257388557,
            6018.709498765273,
            4119.071502144361,
            1749.0101827101844,
            -1108.65985290963,
            -4442.163034858804,
            -8141.392732953831,
            -12391.546469290985
        ],
        "reward_vec": [
            0.0,
            0.07142857142857142,
            0.14285714285714285,
            0.21428571428571427,
            0.2857142857142857,
            0.3571428571428571,
            0.42857142857142855,
            0.5,
            0.5714285714285714,
            0.6428571428571428,
            0.7142857142857142,
            0.7857142857142857,
            0.8571428571428571,
            0.9285714285714285,
            1.0
        ]
    },
    "cost_vec": [
        0,
        0.3,
        0.6
    ]
}