{
    "scale_vec": [
        0.01,
        0.3,
        1,
        3
    ],
    "0.3": {
        "profit_vec": [
            18900.955648385025,
            22551.62277096619,
            25151.70769140327,
            28954.066787242853,
            30462.132468511372,
            31698.206627020092,
            32274.00786583513,
            32531.889577520207,
            32883.50168787454,
            32710.276909081207,
            32291.449918021928
        ],
        "reward_vec": [
            0.0,
            0.1,
            0.2,
            0.30000000000000004,
            0.4,
            0.5,
            0.6000000000000001,
            0.7000000000000001,
            0.8,
            0.9,
            1.0
        ]
    },
    "3": {
        "profit_vec": [
            18964.619538180064,
            46926.50599207173,
            58568.622566438076,
            61335.60550506665,
            55272.66320767275,
            40258.54247256481,
            18288.64961615672,
            -11913.160823070226,
            -49524.226302017865,
            -95046.15253104716,
            -146935.82906455937
        ],
        "reward_vec": [
            0.0,
            0.1,
            0.2,
            0.30000000000000004,
            0.4,
            0.5,
            0.6000000000000001,
            0.7000000000000001,
            0.8,
            0.9,
            1.0
        ]
    },
    "0.01": {
        "profit_vec": [
            18955.73732473695,
            18864.237658586357,
            18806.39551085829,
            18616.191555410063,
            18442.661008812298,
            18268.637936941617,
            18110.55303293394,
            18064.676423454133,
            17948.572778891743,
            17749.64086457486,
            17634.434987447745
        ],
        "reward_vec": [
            0.0,
            0.1,
            0.2,
            0.30000000000000004,
            0.4,
            0.5,
            0.6000000000000001,
            0.7000000000000001,
            0.8,
            0.9,
            1.0
        ]
    },
    "1": {
        "profit_vec": [
            18906.646095642893,
            31151.658075130785,
            37275.14370546455,
            43692.02503594572,
            46614.34140041731,
            46209.623617447636,
            44336.60159720335,
            40012.45163084579,
            34595.3350978338,
            25735.950240738952,
            14973.688403825494
        ],
        "reward_vec": [
            0.0,
            0.1,
            0.2,
            0.30000000000000004,
            0.4,
            0.5,
            0.6000000000000001,
            0.7000000000000001,
            0.8,
            0.9,
            1.0
        ]
    }
}